{
    "Accuracy": 0.9872321087218403,
    "Precision": 0.6267682263329706,
    "Recall": 0.5152057245080501,
    "F1 Score": 0.5655375552282769,
    "Mean Absolute Error": 0.012767891278159693,
    "Root Mean Squared Error": 0.11299509404465174,
    "AUC-ROC": 0.9723342963463978,
    "AUPRC": 0.6072816552955985,
    "Specificity": 0.9949704163703416
}