{
    "Accuracy": 0.9344240339475279,
    "Precision": 0.16913018760659465,
    "Recall": 0.7697283311772316,
    "F1 Score": 0.27732463295269166,
    "Mean Absolute Error": 0.06557596605247205,
    "Root Mean Squared Error": 0.2560780467991586,
    "AUC-ROC": 0.8937564232703149,
    "AUPRC": 0.13814303334421865,
    "Specificity": 0.9371609565236085
}