{
    "penalty": "elasticnet",
    "C": 0.14333491189702535,
    "max_iter": 1010,
    "tol": 1.4467518214030764e-05,
    "l1_ratio": 0.009821290379741665,
    "solver": "saga"
}