{
    "Accuracy": 0.9743560825003877,
    "Precision": 0.3224764468371467,
    "Recall": 0.5166019836136265,
    "F1 Score": 0.3970831952270467,
    "Mean Absolute Error": 0.02564391749961231,
    "Root Mean Squared Error": 0.16013718337604266,
    "AUC-ROC": 0.948250427251836,
    "AUPRC": 0.3832695400562901,
    "Specificity": 0.9819630662070844
}