{
    "Accuracy": 0.9261838636459758,
    "Precision": 0.15456317261249047,
    "Recall": 0.7865459249676585,
    "F1 Score": 0.25835694050991503,
    "Mean Absolute Error": 0.07381613635402422,
    "Root Mean Squared Error": 0.27169125189086274,
    "AUC-ROC": 0.9407180694170798,
    "Specificity": 0.9285043748701154
}