{
    "Accuracy": 0.9195767119433884,
    "Precision": 0.15218918286115662,
    "Recall": 0.872093023255814,
    "F1 Score": 0.25915343212173564,
    "Mean Absolute Error": 0.08042328805661153,
    "Root Mean Squared Error": 0.2835899999235014,
    "AUC-ROC": 0.9582525796529227,
    "AUPRC": 0.6508354895649482,
    "Specificity": 0.9203551501909922
}