{
    "Accuracy": 0.9154906742982815,
    "Precision": 0.142540292769481,
    "Recall": 0.8313928417421302,
    "F1 Score": 0.24335752603344904,
    "Mean Absolute Error": 0.08450932570171853,
    "Root Mean Squared Error": 0.2907048773270213,
    "AUC-ROC": 0.890971699646648,
    "AUPRC": 0.13102577544768146,
    "Specificity": 0.9168882168731681
}