{
    "Accuracy": 0.9732071109356717,
    "Precision": 0.31325604838709675,
    "Recall": 0.5360068995256576,
    "F1 Score": 0.3954191188166057,
    "Mean Absolute Error": 0.02679288906432831,
    "Root Mean Squared Error": 0.16368533552010184,
    "AUC-ROC": 0.9497146071051754,
    "AUPRC": 0.382053432360677,
    "Specificity": 0.9804725289687346
}