{
    "Accuracy": 0.9668349005399461,
    "Precision": 0.28779793667733905,
    "Recall": 0.6977145321259164,
    "F1 Score": 0.4075053519707845,
    "Mean Absolute Error": 0.03316509946005385,
    "Root Mean Squared Error": 0.1821128756020668,
    "AUC-ROC": 0.9485379837111269,
    "AUPRC": 0.44806139293207586,
    "Specificity": 0.9713071581617663
}