{
    "Accuracy": 0.9269056258070101,
    "Precision": 0.1643288276800136,
    "Recall": 0.8644901610017889,
    "F1 Score": 0.2761625830416458,
    "Mean Absolute Error": 0.07309437419298992,
    "Root Mean Squared Error": 0.2703597125922979,
    "AUC-ROC": 0.9570984316380188,
    "AUPRC": 0.6339687741430629,
    "Specificity": 0.9279288526537286
}