{
    "Accuracy": 0.9593842076325547,
    "Precision": 0.24530255955022934,
    "Recall": 0.714963346269944,
    "F1 Score": 0.3652786957479621,
    "Mean Absolute Error": 0.040615792367445336,
    "Root Mean Squared Error": 0.20153360108787155,
    "AUC-ROC": 0.9436585393989045,
    "AUPRC": 0.4494359982508522,
    "Specificity": 0.9634460074383541
}