{
    "Accuracy": 0.9653264348046748,
    "Precision": 0.19767441860465115,
    "Recall": 0.3665373005605865,
    "F1 Score": 0.2568363801178426,
    "Mean Absolute Error": 0.03467356519532517,
    "Root Mean Squared Error": 0.18620839184989801,
    "AUC-ROC": 0.7424172627717074
}