{
    "Accuracy": 0.9145531698927156,
    "Precision": 0.13813215208564045,
    "Recall": 0.8068132815868909,
    "F1 Score": 0.2358799798285426,
    "Mean Absolute Error": 0.08544683010728434,
    "Root Mean Squared Error": 0.29231289760680135,
    "AUC-ROC": 0.8858117675800073
}