{
    "Accuracy": 0.9766046832926847,
    "Precision": 0.3526812021213907,
    "Recall": 0.5161707632600259,
    "F1 Score": 0.41904428496411694,
    "Mean Absolute Error": 0.023395316707315355,
    "Root Mean Squared Error": 0.1529552768207601,
    "AUC-ROC": 0.954976943460679
}