{
    "Accuracy": 0.9874629406545528,
    "Precision": 0.6387959866220736,
    "Recall": 0.5125223613595706,
    "F1 Score": 0.5687344913151364,
    "Mean Absolute Error": 0.0125370593454472,
    "Root Mean Squared Error": 0.11196901064780022,
    "AUC-ROC": 0.9773603157465353
}