{
    "Accuracy": 0.9703734510030593,
    "Precision": 0.226321905868681,
    "Recall": 0.3359206554549375,
    "F1 Score": 0.2704391598680785,
    "Mean Absolute Error": 0.029626548996940776,
    "Root Mean Squared Error": 0.17212364450284212,
    "AUC-ROC": 0.7284416498869519
}