{
    "Accuracy": 0.927544302369842,
    "Precision": 0.15754603338495957,
    "Recall": 0.7895644674428633,
    "F1 Score": 0.26267843052865647,
    "Mean Absolute Error": 0.07245569763015804,
    "Root Mean Squared Error": 0.26917596034965313,
    "AUC-ROC": 0.8899847384884966
}