{
    "Accuracy": 0.8864068910098262,
    "Precision": 0.06973552894211577,
    "Recall": 0.4821043553255714,
    "F1 Score": 0.12184622091439158,
    "Mean Absolute Error": 0.11359310899017383,
    "Root Mean Squared Error": 0.33703576811693714,
    "AUC-ROC": 0.7886609973459586
}