{
    "Accuracy": 0.917189460476788,
    "Precision": 0.07932542161149282,
    "Recall": 0.3833548943510134,
    "F1 Score": 0.13145053970131598,
    "Mean Absolute Error": 0.08281053952321205,
    "Root Mean Squared Error": 0.2877682045035762,
    "AUC-ROC": 0.7915225172334484
}