{
    "Accuracy": 0.9718184765905855,
    "Precision": 0.30678941311852703,
    "Recall": 0.5748167313497197,
    "F1 Score": 0.40006002400960383,
    "Mean Absolute Error": 0.02818152340941452,
    "Root Mean Squared Error": 0.1678735339754737,
    "AUC-ROC": 0.9558541643276207
}