{
    "Accuracy": 0.9645369574105142,
    "Precision": 0.23781902552204176,
    "Recall": 0.5304010349288486,
    "F1 Score": 0.32839407288746497,
    "Mean Absolute Error": 0.035463042589485856,
    "Root Mean Squared Error": 0.18831633649125043,
    "AUC-ROC": 0.935452785064003
}