{
    "Accuracy": 0.9447157521153583,
    "Precision": 0.2055760468648297,
    "Recall": 0.8474955277280859,
    "F1 Score": 0.3308887724812293,
    "Mean Absolute Error": 0.05528424788464174,
    "Root Mean Squared Error": 0.23512602553660822,
    "AUC-ROC": 0.9586586837674836,
    "AUPRC": 0.6273374072591532,
    "Specificity": 0.9463095613411245
}