{
    "Accuracy": 0.946026532079568,
    "Precision": 0.19015556071511494,
    "Recall": 0.7063389391979301,
    "F1 Score": 0.29964328180737215,
    "Mean Absolute Error": 0.05397346792043196,
    "Root Mean Squared Error": 0.23232190581267181,
    "AUC-ROC": 0.896190356813791,
    "AUPRC": 0.14452849621308586,
    "Specificity": 0.9500096741599604
}