{
    "Accuracy": 0.9602159784585453,
    "Precision": 0.24814422057264052,
    "Recall": 0.7063389391979301,
    "F1 Score": 0.3672645739910314,
    "Mean Absolute Error": 0.03978402154145461,
    "Root Mean Squared Error": 0.19945932302465738,
    "AUC-ROC": 0.9428749128196928,
    "AUPRC": 0.4454575702649032,
    "Specificity": 0.9644349215676439
}