{
    "Accuracy": 0.9871527602449703,
    "Precision": 0.6288951841359773,
    "Recall": 0.4964221824686941,
    "F1 Score": 0.5548612846788303,
    "Mean Absolute Error": 0.012847239755029612,
    "Root Mean Squared Error": 0.11334566491502712,
    "AUC-ROC": 0.9742440019984867,
    "AUPRC": 0.6005766250228326,
    "Specificity": 0.9951977007617693
}