{
    "Accuracy": 0.946054727700788,
    "Precision": 0.19009993028119918,
    "Recall": 0.7054764984907288,
    "F1 Score": 0.29949656750572085,
    "Mean Absolute Error": 0.053945272299211935,
    "Root Mean Squared Error": 0.23226121565860267,
    "AUC-ROC": 0.8962644955535961,
    "AUPRC": 0.14462383587463526,
    "Specificity": 0.9500526704264513
}