{
    "Accuracy": 0.9741446153412375,
    "Precision": 0.31804693822497976,
    "Recall": 0.5084087968952135,
    "F1 Score": 0.391304347826087,
    "Mean Absolute Error": 0.025855384658762495,
    "Root Mean Squared Error": 0.160796096528375,
    "AUC-ROC": 0.950063672884899,
    "AUPRC": 0.3685216272425153,
    "Specificity": 0.9818842397185178
}