{
    "Accuracy": 0.958559485711869,
    "Precision": 0.23991817650496786,
    "Recall": 0.7080638206123329,
    "F1 Score": 0.35839790461639204,
    "Mean Absolute Error": 0.04144051428813105,
    "Root Mean Squared Error": 0.2035694335801204,
    "AUC-ROC": 0.9423649834030055,
    "AUPRC": 0.4375471137140997,
    "Specificity": 0.9627222369524246
}