{
    "Accuracy": 0.9848877219052291,
    "Precision": 0.5279872965462485,
    "Recall": 0.5948121645796064,
    "F1 Score": 0.5594111461619348,
    "Mean Absolute Error": 0.015112278094770936,
    "Root Mean Squared Error": 0.12293200598205065,
    "AUC-ROC": 0.9759601899892382,
    "Specificity": 0.9912825438255629
}