{
    "Accuracy": 0.9462591459546332,
    "Precision": 0.19067055393586005,
    "Recall": 0.705045278137128,
    "F1 Score": 0.3001652285661832,
    "Mean Absolute Error": 0.05374085404536676,
    "Root Mean Squared Error": 0.23182073687521304,
    "AUC-ROC": 0.8966857594625631,
    "Specificity": 0.9502676517589056
}