{
    "Accuracy": 0.9694852889346285,
    "Precision": 0.2859880749574106,
    "Recall": 0.5791289348857266,
    "F1 Score": 0.38289379900213827,
    "Mean Absolute Error": 0.03051471106537155,
    "Root Mean Squared Error": 0.17468460454594031,
    "AUC-ROC": 0.9529401876971514,
    "Specificity": 0.9759722530760245
}