{
    "Accuracy": 0.9562474447718269,
    "Precision": 0.2323051500963922,
    "Recall": 0.727468736524364,
    "F1 Score": 0.352155307379188,
    "Mean Absolute Error": 0.04375255522817306,
    "Root Mean Squared Error": 0.20917111470796598,
    "AUC-ROC": 0.9435747346880211,
    "Specificity": 0.9600493023855762
}