{
    "Accuracy": 0.9462379992387182,
    "Precision": 0.1906038703660527,
    "Recall": 0.705045278137128,
    "F1 Score": 0.30008259153895567,
    "Mean Absolute Error": 0.05376200076128177,
    "Root Mean Squared Error": 0.23186634245030427,
    "AUC-ROC": 0.8967020661535414,
    "Specificity": 0.9502461536256601
}