{
    "penalty": "elasticnet",
    "C": 0.21956410310260677,
    "max_iter": 520,
    "tol": 0.00017962160461897637,
    "l1_ratio": 0.46663841712083964,
    "solver": "saga"
}