{
    "Accuracy": 0.9711065371547799,
    "Precision": 0.29068673565381,
    "Recall": 0.5329883570504528,
    "F1 Score": 0.3761984477248516,
    "Mean Absolute Error": 0.02889346284522014,
    "Root Mean Squared Error": 0.16998077198677544,
    "AUC-ROC": 0.9534364185045708,
    "Specificity": 0.9783872100439278
}