{
    "Accuracy": 0.9741728109624576,
    "Precision": 0.32725404572309275,
    "Recall": 0.549374730487279,
    "F1 Score": 0.4101738570508693,
    "Mean Absolute Error": 0.02582718903754247,
    "Root Mean Squared Error": 0.16070839753274396,
    "AUC-ROC": 0.9558305849822522
}